"Entreprise";"Titre";"Ann√©es XP";"Brut/CA (k‚Ç¨)";"Contrat";"Package (k‚Ç¨)";"D√©tails package";"Remarques libres"
"Datadog";"Software engineer senior ";;"110";"CDI";"110";"RSU 20k‚Ç¨/ans ";
"Grand compte dans le domaine de la mode";"Consultant web performance";;"160";"Freelance";"160";;
"Stuart";"Senior Scala engineer";;"76";"CDI";"76";;
"IDAaaS";"Dev";"10";"80";"CDI";"80";"BSPCE (pour 25k‚Ç¨ + 6k‚Ç¨ / an), mais je ne les compte pas dedans, on verra bien";
"Scale-up dans les m√©dias";"VP Engineering";"18";"120";"CDI";"120";"300k‚Ç¨ d'actions en BSA";"Freelance pour la m√™me bo√Æte pendant 10 ans avant de passer en CDI."
"Filiale du groupe Accor √† Londres";"Senior Data Engineer";"4";"170";"Freelance";"170";;
"Datadog";"Senior Software Engineer";"10";"91,5";"CDI";"91,5";"9,900 DDOG stock option sur 4 ans + 2,781 DDOG RSU sur 3 ans";
"Platform.sh ";"Product Manager Developer Experience ";"20";"72";"CDI";"92";"BSPCE, Prime t√©l√©travail (150‚Ç¨ brut/mois), programme Wellness (remboursement), budget formation (remboursement)";
"Red Hat";"Principal Software Engineer";"20";"70";"CDI";"80";"Primes jusqu'√† 15% du brut";"Les Red Hatters sont conscients d'avoir un salaire moins int√©ressant que ce qui se pratique dans d'autres bo√Ætes √©quivalentes, mais que la qualit√© des conditions travail compense le c√¥t√© financier"
"Freelance";"Tech Lead Front-end";"10";"105";"Freelance";"105";;
"Doctolib";"Senior staff engineer ";"20";"94";"CDI";"Confidentiel";"Confidentiel";
"ZEBet";"D√©veloppeur mobile";"6";"144";"Freelance";"144";;
"Swile";"Senior Software Engineer";"9";"61";"CDI";"63";;
"Mirakl";"Senior Software Engineer";"13";"71";"CDI";"71";;
"Non renseign√©";"DevOps";"4";"52";"CDI";"52";;
"Non renseign√©";"Tech Lead";"7";"110";"CDI";"110";"BSPCE";
"GAFAM";"Sr Dev Advocate ";"14";"98";"CDI";"145";"Annuel: 20% bonus cash, 30k$ RSU sur 4 ans. Embauche: 50k‚Ç¨ cash, 150k$ RSU sur 4 ans, 1.5k‚Ç¨ d'avantages CE, beaucoup de cong√©s ";
"Cardiff";"Dev backend senior";"11";"140";"Freelance ";"140";;
"Datadog";"Software Engineer 2";"7";"75";"CDI";"145";"80k$ de RSU sur 4 ans √† l'embauche + 2 fois 100k$ de recharge ""au m√©rite"" en 2 ans = 280k$";"La volatilit√© de l'action et l'√©volution du cours $\‚Ç¨ font pas mal bouger le package avec le temps, et complique bien la d√©claration d'imp√¥ts lors des ventes üòÅ. Sans compter le programme d'ESPP pour acheter des actions √† -15%."
"Mural";"Director of Engineering";"15";"150";"CDI";"150";"Stock options en plus mais confidentiel";
"Shopify";"Staff Developer";"25";"140";"CDI";"215";"RSU";
"Non renseign√©";"Senior Software Engineer";"10";"78";"CDI";"118";;
"Refer";"Lead Frontend";"13";"63";"CDI";"63";;"Je suis √† mi-temps (24h/semaine) mais j'ai indiqu√© l'√©quivalent si plein temps. "
"Obat";"Lead Frontend Developer";"12";"60";"CDI";"60";;
"Dans la foodtech";"Lead tech";"12";"150";"Freelance";"150";;
"Efficity";"Architecte Logiciel";"11";"72";"CDI";"72";;
"GitGuardian";"Engineering Lead";"12";"85";"CDI";"115";"76,5k fixe + 8.5k de variable (85k) + 30k de BSPCE";
"Datadog";"Senior iOS Engineer";"12";"95";"CDI";"250";"RSU, ESPP, Participation";"Pour calculer le package total j'ai multipli√© le nombre de RSU que j'ai par la valeur *√† ce jour*  du ""200-Day Moving Average"" de DDOG (soit 148$), et j'ai divis√© le tout par 5 ans (il faut que je reste en tout 5 ans √† Datadog pour pouvoir vester toutes ces RSU). N√©anmoins, l'action est tr√®s variable. Depuis que je suis √† Datadog, le min est √† 37$ et le max √† 198$. C'est donc tr√®s d√ªr de faire une moyenne tant que c'est pas vendu."
"Non renseign√©";"Developer Relations Engineer";"1";"100";"CDI";"105";"10k$ options";
"Ornikar";"Senior backend developer";"13";"64";"CDI";"64";"Tickets resto";
"Inqom";"Engineering lead";"12";"68";"CDI";"68";"BSPCE";"BSPCE difficile √† chiffrer (>30K)"
"Lucca";"Engineering Manager";"20";"71";"CDI";"71";"Associ√©";"Chez Lucca, salaire libre pour les + de 3 ans. Mais il faut savoir le justifier."
"Sunday";"Software engineer";"10";"60";"CDI";"80";"Aussi vacances illimit√©es, cong√©s paternit√© de 16 semaines, et d'autres choses";"Je ne suis ""que"" software engineer, en passant senior j'esp√®re bient√¥t le package va √©voluer."
"Non renseign√©";"Directeur technique ";"20";"95";"CDI";"105";"Bonus ";
"Predictice ";"Head of Data";"17";"77,5";"CDI";"77,5";"J‚Äôattends encore les BSPCE";
"Singulart";"Lead Front End Developer";"7";"61";"CDI";"64";"3k‚Ç¨ bonus";"- J'ai mis ma r√©mun√©ration si je ne travaillais pas au 4/5√®me. -20% vu que 4/5√®me. - Full remote, mais venue r√©guli√®re sur Paris"
"Salsify";"Senior SRE ";"15";"80";"CDI ";"80";;
"Deezer";"Lead SRE";"12";"70";"CDI";"76";"Astreinte";
"Yousign";"Dev back ou front senior 3.3";"10";"66";"CDI";"66,15";"Frais remote mobilier et mat√©riel, 30‚Ç¨ d'internet chaque mois, ticket resto Swile, BSPCE, 10 RTT, 1 cong√© d'anciennet√© tous les 2 ans...";"https://blog.yousign.io/posts/parcours-carriere-engineering-chez-yousign"
"Alan";"Senior Software Engineer ";"16";"96";"CDI";"141";"BSPCE";
"Sunday";"Senior Software Engineer";"13";"75";"CDI";"80";"5k‚Ç¨ de variable + 15k‚Ç¨ de BSPCE";
"Sunday";"Staff Engineer";"16";"95";"CDI";"115";"20k‚Ç¨ BSPCE";
"Ingenico";"Software developer";"4";"50";"CDI";"55";;
"Elastic";"Software engineer II";"4";"75";"CDI";"Difficile √† calculer";"RSU (vesting sur 4 ans / 2 ans) + nouvelles acquisitions de RSUs chaque ann√©e ";
"Comet";"CTO";"20";"115";"CDI";"115";"BSPCE";
"DALKIA";"Lead d√©veloppeur Ionic ";"15";"116";"Freelance";"116";"TJM DE 550‚Ç¨/jour sur 221 jour annuel, full t√©l√©travail et l‚Äôun des seuls de DALKIA";"En free-lance full t√©l√©travail depuis 2017. Je cumule avec un poste en Irlande 2j semaine en remote aussi."
"Datadog";"Staff Software Engineer ";"20";"140";"CDI";"265";"RSU";"Le package avec les RSU est assez volatile √† Datadog. Pour √™tre plus pr√©cis √ßa correspond √† un batch initial de 300,000$ (sur 4 ans) √† l'embauche puis un refresh de 300,000$ (toujours sur 4 ans) 2 ans plus tard."
"Non renseign√©";"Devops";"10";"75";"CDI ";"110";"35k‚Ç¨ BCPE";
"Daevel";"SRE";"10";"75";"CDI";"75";;
"Alma";"Staff Engineer ";"22";"75";"CDI";"75";"+ BSPCE";"Difficile d'√©valuer les BSPCE..."
"Renault digital";"Data engineer";"11";"62";"CDI";"62";;
"Sonar";"D√©veloppeur";"12";"71";"CDI";"71";;
"Qwant";"Research Engineer ";"9";"68";"CDI";"68";;"J'ai un profil b√¢tard, je suis pas vraiment dev je fais plut√¥t de la recherche appliqu√©e "
"Universit√© Paris 8";"Responsable d'√©quipe / CP technique";"27";"60";"CDI";"60";;
"Getaround ";"Senior Backend Engineer";"7";"75";"CDI";"75";;
"Sunday";"Software engineer";"12";"65";"CDI";"83";"15k‚Ç¨ BSPCE";
"Smile";"Ing√©nieur R&D DevOps/Dev";"21";"62";"CDI";"62";;
"Shopify";"Senior Developer";"12";"99";"CDI";"140";"Lifestyle grant 3700‚Ç¨, RSU USD 112K";"Pas s√ªr que les RSU seront renouvel√©s tous les ans sous forme de refresher."
"Dataiku";"Senior dev fullstack";"12";"75";"CDI";"75";"80k‚Ç¨ de BSPCE";
"TechProductInsight";"Dirigeant dev fullstack";"7";"141";"Freelance";"141";;"En freelance je peux d√©duire des charges et travailler avec le matos et √©quipement que je veux "
"Non renseign√©";"Senior developer";;"200";"Freelance";"200";;
"IBM";"Senior Software Engineer";"16";"80";"CDI";"80";"Actions √† 85% du prix public avec 10% du salaire mensuel, au 4/5√®me";
"Ornikar";"Senior backend developer ";"10";"62";"CDI";"62";;
"Prisma Media ";"Lead Developer ";"12";"68";"CDI";"68";"Convention cadre de la presse magazine. 9 semaines de cong√©s. CE. Mutuelle. Tickets resto. Cantine. T√©l√©travail.";
"Beta Gouv";"D√©veloppeur Backend Python";"20";"130";"Freelance";"130";;"Au 4/5√®me"
"Lunex ";"Full stack dev ";"7";"94";"CDI";"120";"Bonus, stocks";
"Treezor";"Lead Dev Go";"15";"73";"CDI";"75";"Prime de resultat de 3k‚Ç¨";
"Non renseign√©";"Senior Dev Go";"17";"100";"CDI";"300";"BSPCE, meilleur package wemind ";
"Lifen";"Senior front-end engineer";"12";"65";"CDI";"65";"12k BSPCE";
"Meritis";"Architecte logiciel";"11";"65";"CDI";"65";"Salaire fixe uniquement";
"Contentsquare ";"Customer Success on a Product for Dev";"15";"60";"CDI";"75";"60k‚Ç¨ + bonus on objective + BSPCE √† deux ans + divers indemnit√©s et soutiens pour un montant de 3k‚Ç¨/an";
"Emplifi.io";"Team Lead - Dev";"8";"68";"CDI";"68";"RAS mais avantages parentaux en cours de n√©go, vacances 5+2 RTT semaines";"Poste que j'ai gard√© √† mon retour d'expatriation de Montr√©al (4 ans l√† bas dont 2 ans dans cette entreprise). Pas trouv√© mieux en Normandie niveau salaire/conditions de travail donc j'y reste, la flemme de chercher mieux sur Paris pour l'instant"
"DeepReach";"Senior Software Developpr";"12";"80";"CDI";"95";"BSPCE 15k‚Ç¨";
"Microsoft";"Principal Software Engineer";"20";"120";"CDI";"200";"40k‚Ç¨ Bonus Cash et 40k‚Ç¨ Bonus RSU";
"api.video ";"Infra";"9";"120";"CDI";"180";"BSCPE";
"KissKissBankBank ";"Lead dev back (Ruby)";"10";"78";"CDI";"78";"5k‚Ç¨ notes de frais, RTT, tickets resto";
"Ledger";"Principal Software Engineer";"22";"95";"CDI";"140";"BSPCE 35k‚Ç¨, variable 10k‚Ç¨";
"Getaround ";"Senior Full-Stack Engineer ";"6";"65";"CDI";"65";"5000 RSU (valeur pas claire)";
"Swile";"iOS senior developer";"14";"61";"CDI";"61";;
"Non renseign√©";"Architect";"20";"130";"CDI";"160";"Options + Bonus";
"Scale-up UK";"Software Engineer";"2,5";"72";"CDI";"84";"10% bonus, 23k‚Ç¨/4ans stocks";
"Ankorstore ";"Senior Quality Engineer ";"15";"65";"CDI";"91";"26k‚Ç¨ euros en BSPCE ";"Tu parles d'exp en dev mais je ne suis plus dev depuis 6 ans, par contre je l'√©tais avant "
"Maze";"Eng manager";"20";"120";"Portage salarial";"300";"Equivalent BSPCE + ben + mutuelle";
"Datadog";"Engineering team lead";"7";"88";"CDI";"200";"Salaire + ~150k $ / ans en RSU ";
"PrestaShop";"D√©veloppeur Core (projet open source)";"12";"57";"CDI";"57";;
"Int√©rim digital";"Lead SRE";"10";"134";"CDI";"177";"100k‚Ç¨ de BSPCE sur 3 ans";" "
"Grande entreprise e-commerce France";"D√©veloppeur";"8";"55";"CDI";"61";"10% de variable atteint chaque ann√©e car √©quipe de qualit√© et les objectifs sont en grande majorit√© des OKR d'√©quipe ";
"Doctolib";"Staff Engineer";"4";"70";"CDI";"127,5";"70k‚Ç¨ + 230k‚Ç¨ BSPCE sur 4 ans (une fois l‚Äôint√©gralit√© vest√©e une fois leur co√ªt d‚Äôexcercice pay√©)";
"Neo4j";"Developer";"13";"125";"CDI";"125";;
"Squadracer";"Ing√©nieur D√©veloppement";"24";"55";"CDI";"55";;